
SET IDENTITY_INSERT users ON;

INSERT INTO users (id, name, middle_name, last_name, email, password, cpf, phone, photo_user, date_anniversary, created_at, type_user, active) VALUES
(1, 'Luiza', 'Enzo Gabriel', 'Araújo', 'luizaaraujo@seutempo.com.br', '@#8P@CsS4V', '364.207.189-96', '+55 (11) 98348-9085', 'https://randomuser.me/api/portraits/women/2.jpg', '2003-07-25', '2025-01-16 22:19:29', 'CLIENT', 1),
(2, 'Kaique', 'Maria Clara', 'Fogaça', 'kaiquefogaca@seutempo.com.br', '%m_5YtTy3O', '870.253.641-26', '+55 (11) 90771-2796', 'https://randomuser.me/api/portraits/men/46.jpg', '2004-10-27', '2025-02-22 00:50:24', 'CLIENT', 1),
(3, 'Sarah', 'João Gabriel', 'Santos', 'sarahsantos@seutempo.com.br', '(E5lP5Ta)m', '624.317.908-78', '+55 (11) 92621-7916', 'https://randomuser.me/api/portraits/women/30.jpg', '1969-02-07', '2025-01-30 22:43:18', 'CLIENT', 1),
(4, 'Mirella', 'Isabella', 'Ribeiro', 'mirellaribeiro@seutempo.com.br', 'p%^Z6fNo2R', '427.093.586-38', '+55 (11) 91040-7304', 'https://randomuser.me/api/portraits/men/30.jpg', '1990-11-03', '2025-03-15 18:55:41', 'CLIENT', 1),
(5, 'Carlos Eduardo', 'Caio', 'Rocha', 'carloseduardorocha@seutempo.com.br', 'U#&a1S7hB7', '634.120.897-96', '+55 (11) 99763-8668', 'https://randomuser.me/api/portraits/men/10.jpg', '2002-01-05', '2025-01-30 22:58:56', 'CLIENT', 1),
(6, 'Luiz Miguel', 'Clarice', 'Rodrigues', 'luizmiguelrodrigues@seutempo.com.br', '0Z7gSA!^%k', '830.294.756-38', '+55 (11) 94119-1188', 'https://randomuser.me/api/portraits/women/8.jpg', '1965-12-17', '2025-03-17 15:46:12', 'PROFESSIONAL', 1),
(7, 'Ana Carolina', 'Leonardo', 'da Luz', 'anacarolinadaluz@seutempo.com.br', 'zWw7VfPq#s', '983.712.406-78', '+55 (11) 91876-9797', 'https://randomuser.me/api/portraits/men/16.jpg','1986-10-16', '2025-03-03 11:49:39', 'PROFESSIONAL', 1),
(8, 'Melissa', 'João Vitor', 'Cardoso', 'melissacardoso@seutempo.com.br', 'Z!JOCErq_5', '317.854.690-10', '+55 (11) 95573-2827', 'https://randomuser.me/api/portraits/women/70.jpg', '1981-11-08', '2025-03-12 00:59:05', 'PROFESSIONAL', 1),
(9, 'Júlia', 'Bruno', 'Pinto', 'juliapinto@seutempo.com.br', 'b)#hM9AyVY', '854.367.219-82', '+55 (11) 97123-3591', 'https://randomuser.me/api/portraits/men/33.jpg', '2001-03-13', '2025-01-21 16:33:47', 'PROFESSIONAL', 1),
(10, 'Maria Fernanda', 'Rebeca', 'Cunha', 'mariafernandacunha@seutempo.com.br', 'C+2k2CPj0t', '587.306.291-95', '+55 (11) 90053-5315', 'https://randomuser.me/api/portraits/women/27.jpg', '1996-05-10', '2025-01-18 18:30:58', 'PROFESSIONAL', 1),
(11, 'Samuel', 'Giovanna', 'Moura', 'samuelmoura@seutempo.com.br', '!q4HKl#h3%', '560.419.782-30', '+55 (11) 92927-9317', 'https://randomuser.me/api/portraits/men/91.jpg', '1971-10-27', '2025-01-02 00:12:41', 'PROFESSIONAL', 1),
(12, 'Levi', 'Guilherme', 'da Costa', 'levidacosta@seutempo.com.br', '1dY6E$Ef)X', '423.817.596-46', '+55 (11) 94889-9317', 'https://randomuser.me/api/portraits/women/51.jpg', '1999-05-19', '2025-03-01 20:37:49', 'PROFESSIONAL', 1),
(13, 'Mariana', 'Luiza', 'da Luz', 'marianadaluz@seutempo.com.br', 'Sl7SX&Azf$', '478.312.506-62', '+55 (11) 93258-3504', 'https://randomuser.me/api/portraits/women/56.jpg', '1987-10-27', '2025-03-28 08:37:09', 'PROFESSIONAL', 1),
(14, 'Eduarda', 'Guilherme', 'Martins', 'eduardamartins@seutempo.com.br', '^TN@Q(Irs8', '280.475.631-90', '+55 (11) 92646-9837', 'https://randomuser.me/api/portraits/women/15.jpg', '1998-06-03', '2025-03-11 21:20:13', 'PROFESSIONAL', 1),
(15, 'André', 'Luiz Henrique', 'Nogueira', 'andrenogueira@seutempo.com.br', '%(A5WheB(_', '231.570.698-02', '+55 (11) 90009-6310', 'https://randomuser.me/api/portraits/men/28.jpg', '2001-07-16', '2025-02-22 09:12:09', 'PROFESSIONAL', 1),
(16, 'Igor', 'Rodrigues', 'Brizola', 'igor@seutempo.com', '123', '540.345.455-55', '+55 (11) 95059-2234', 'https://', '2005-12-23', '2025-03-15 10:00:00', 'PROFESSIONAL', 1)
SET IDENTITY_INSERT users OFF;

INSERT INTO client (id_users, surname, cep, state, city, neighborhood, street, number, complement, additional_address, formated_address, type_address, latitude, longitude) VALUES
(1, 'Araújo', '03413164', 'SP', 'São Paulo', 'Itaim Bibi', 'Vereda Thomas da Cruz', 26, '', '', 'Vereda Thomas da Cruz, 26 - Itaim Bibi, São Paulo - SP, 03413164', 'RESIDENTIAL', 9.3696965, 10.734506),
(2, 'Fogaça', '80184-514', 'SP', 'São Paulo', 'Santana', 'Esplanada Ana Vitória Almeida', 251, '', '', 'Esplanada Ana Vitória Almeida, 251 - Santana, São Paulo - SP, 80184-514', 'RESIDENTIAL', -19.297042, 88.750123),
(3, 'Santos', '31051834', 'SP', 'São Paulo', 'Lapa', 'Residencial de da Rosa', 143, '', '', 'Residencial de da Rosa, 143 - Lapa, São Paulo - SP, 31051834', 'RESIDENTIAL', 54.749507, -108.965619),
(4, 'Ribeiro', '46872-343', 'SP', 'São Paulo', 'Itaim Bibi', 'Trecho Viana', 693, '', '', 'Trecho Viana, 693 - Itaim Bibi, São Paulo - SP, 46872-343', 'RESIDENTIAL', -73.6368275, -11.634697),
(5, 'Rocha', '24118244', 'SP', 'São Paulo', 'Bela Vista', 'Favela de Mendes', 90, '', '', 'Favela de Mendes, 90 - Bela Vista, São Paulo - SP, 24118244', 'RESIDENTIAL', -35.3472635, 160.503909),
(6, 'Brizola', '02858-020', 'SP', 'São Paulo', 'Casa Verde', 'Rua Doutor Zuquim', 150, '', '', 'Rua Doutor Zuquim, 150 - Casa Verde, São Paulo - SP, 02858-020', 'RESIDENTIAL', -23.5093, -46.6504);

INSERT INTO professional (url_professional, link_professional, value_hour, cep, latitude, longitude, service_radius_km, location, id_users) VALUES
('https://seutempo.com.br/st/luiz-miguel-rodrigues', 'luiz-miguel-rodrigues', 85.4, '63421-607', 3.860718, -16.151901, 7, GEOGRAPHY::Point(3.860718, -16.151901, 4326), 6),
('https://seutempo.com.br/st/ana-carolina-da-luz', 'ana-carolina-da-luz', 117.47, '60366-909', -9.8417765, 29.372487, 23, GEOGRAPHY::Point(-9.8417765, 29.372487, 4326), 7),
('https://seutempo.com.br/st/melissa-cardoso', 'melissa-cardoso', 127.24, '94808-313', 59.028978, -50.977071, 11, GEOGRAPHY::Point(59.028978, -50.977071, 4326), 8),
('https://seutempo.com.br/st/julia-pinto', 'julia-pinto', 87.39, '03859-770', -54.831405, -25.365529, 19, GEOGRAPHY::Point(-54.831405, -25.365529, 4326), 9),
('https://seutempo.com.br/st/maria-fernanda-cunha', 'maria-fernanda-cunha', 226.49, '93174-612', 42.237914, -117.658292, 23, GEOGRAPHY::Point(42.237914, -117.658292, 4326), 10),
('https://seutempo.com.br/st/samuel-moura', 'samuel-moura', 129.2, '84036-900', -53.161314, -42.819009, 7, GEOGRAPHY::Point(-53.161314, -42.819009, 4326), 11),
('https://seutempo.com.br/st/levi-da-costa', 'levi-da-costa', 221.8, '41247826', 3.841028, -165.68155, 10, GEOGRAPHY::Point(3.841028, -165.68155, 4326), 12),
('https://seutempo.com.br/st/mariana-da-luz', 'mariana-da-luz', 158.58, '14384-249', 82.063753, -89.464291, 13, GEOGRAPHY::Point(82.063753, -89.464291, 4326), 13),
('https://seutempo.com.br/st/eduarda-martins', 'eduarda-martins', 91.25, '02838-578', 53.110206, 3.785417, 23, GEOGRAPHY::Point(53.110206, 3.785417, 4326), 14),
('https://seutempo.com.br/st/andre-nogueira', 'andre-nogueira', 121.93, '98225871', -65.58804, 94.00568, 22, GEOGRAPHY::Point(-65.58804, 94.00568, 4326), 15),
('https://seutempo.com.br/st/igor-brizola', 'igor-brizola', 34.5, '02858-020', -23.5093, -46.6504, 9, GEOGRAPHY::Point(-23.5093, -46.6504, 4326), 16);

INSERT INTO professional_specialty (id_professional, id_specialty) VALUES
(1, 8),
(2, 26),
(2, 28),
(3, 4),
(3, 3),
(4, 30),
(5, 23),
(6, 28),
(7, 12),
(7, 7),
(8, 22),
(9, 7),
(9, 21),
(10, 24),
(10, 19),
(11, 1),
(11, 2);

INSERT INTO posts (title, img_url, created_at, id_professional) VALUES
('Gastronomia: Como melhorar sua prática', 'https://source.unsplash.com/600x400/?gastronomia', '2025-01-20 20:25:58', 1),
('Astrofísica: Como melhorar sua prática', 'https://source.unsplash.com/600x400/?astrofísica', '2025-01-26 17:31:38', 2),
('Desenvolvimento Web: Como melhorar sua prática', 'https://source.unsplash.com/600x400/?desenvolvimento-web', '2025-01-17 22:50:04', 3),
('Terapia da Fala: Como melhorar sua prática', 'https://source.unsplash.com/600x400/?terapia-da-fala', '2025-02-06 09:18:32', 4),
('Transporte e Distribuição: Como melhorar sua prática', 'https://source.unsplash.com/600x400/?transporte-e-distribuição', '2025-03-25 16:30:36', 5),
('Genética: Como melhorar sua prática', 'https://source.unsplash.com/600x400/?genética', '2025-03-29 03:45:47', 6),
('Advocacia Trabalhista: Como melhorar sua prática', 'https://source.unsplash.com/600x400/?advocacia-trabalhista', '2025-03-21 05:37:25', 7),
('Investimentos: Como melhorar sua prática', 'https://source.unsplash.com/600x400/?investimentos', '2025-01-21 01:22:47', 8),
('Futebol: Como melhorar sua prática', 'https://source.unsplash.com/600x400/?futebol', '2025-01-06 02:23:21', 9),
('Educação Inclusiva: Como melhorar sua prática', 'https://source.unsplash.com/600x400/?educação-inclusiva', '2025-01-18 09:39:14', 10),
('Fisioterapia: Exercícios práticos para casa', 'https://source.unsplash.com/600x400/?fisioterapia', '2025-02-24 10:17:36', 11),
('Psicologia: Lidando com ansiedade', 'https://source.unsplash.com/600x400/?psicologia', '2025-03-18 07:12:37', 11),
('Fisioterapia: Como melhorar sua postura', 'https://source.unsplash.com/600x400/?postura', '2025-03-12 21:05:44', 11);

INSERT INTO reviews (id_client, id_professional, rating, comment, created_at) VALUES
(1, 1, 5, 'Entregou tudo dentro do prazo.', '2025-03-10 17:21:36'),
(5, 1, 5, 'Muito profissional e eficiente!', '2025-01-19 01:42:39'),
(1, 1, 5, 'Entregou tudo dentro do prazo.', '2025-03-04 23:57:17'),
(1, 1, 5, 'Muito profissional e eficiente!', '2025-03-16 19:20:19'),
(3, 1, 5, 'Muito profissional e eficiente!', '2025-01-03 09:30:41'),
(3, 2, 4, 'Muito profissional e eficiente!', '2025-02-26 16:06:26'),
(5, 2, 5, 'Entregou tudo dentro do prazo.', '2025-03-22 08:29:40'),
(5, 2, 5, 'Gostei muito do atendimento.', '2025-03-17 07:16:36'),
(4, 2, 5, 'Muito profissional e eficiente!', '2025-01-17 10:43:42'),
(4, 2, 5, 'Gostei muito do atendimento.', '2025-02-17 03:15:43'),
(4, 3, 3, 'Código limpo e site muito rápido.', '2025-02-02 22:18:49'),
(1, 3, 5, 'Ótima organização e atenção aos detalhes.', '2025-03-15 22:20:23'),
(3, 3, 3, 'Código limpo e site muito rápido.', '2025-02-02 21:56:07'),
(2, 3, 5, 'Ótima organização e atenção aos detalhes.', '2025-01-27 23:02:29'),
(4, 3, 5, 'Código limpo e site muito rápido.', '2025-02-22 05:15:11'),
(3, 4, 5, 'Muito profissional e eficiente!', '2025-02-28 11:22:24'),
(4, 4, 3, 'Entregou tudo dentro do prazo.', '2025-02-22 02:51:58'),
(1, 4, 5, 'Entregou tudo dentro do prazo.', '2025-04-06 18:07:26'),
(1, 4, 3, 'Muito profissional e eficiente!', '2025-01-29 08:06:20'),
(2, 4, 5, 'Gostei muito do atendimento.', '2025-01-13 06:50:46'),
(2, 5, 3, 'Muito profissional e eficiente!', '2025-02-02 11:14:34'),
(2, 5, 5, 'Gostei muito do atendimento.', '2025-03-26 09:44:17'),
(3, 5, 3, 'Gostei muito do atendimento.', '2025-02-23 14:04:31'),
(3, 5, 5, 'Entregou tudo dentro do prazo.', '2025-03-23 18:28:44'),
(5, 5, 4, 'Gostei muito do atendimento.', '2025-02-28 04:56:48'),
(2, 6, 5, 'Muito profissional e eficiente!', '2025-04-05 00:40:53'),
(1, 6, 4, 'Entregou tudo dentro do prazo.', '2025-01-15 22:28:46'),
(1, 6, 4, 'Muito profissional e eficiente!', '2025-03-12 02:57:50'),
(1, 6, 4, 'Entregou tudo dentro do prazo.', '2025-02-18 21:00:20'),
(5, 6, 5, 'Entregou tudo dentro do prazo.', '2025-02-17 21:11:34'),
(1, 7, 3, 'Muito profissional e eficiente!', '2025-04-07 06:36:24'),
(5, 7, 5, 'Muito profissional e eficiente!', '2025-02-07 23:19:14'),
(4, 7, 5, 'Entregou tudo dentro do prazo.', '2025-03-30 21:47:23'),
(2, 7, 4, 'Muito profissional e eficiente!', '2025-01-21 18:31:38'),
(5, 7, 5, 'Entregou tudo dentro do prazo.', '2025-01-27 07:25:37'),
(5, 8, 4, 'Gostei muito do atendimento.', '2025-03-01 03:48:33'),
(3, 8, 5, 'Entregou tudo dentro do prazo.', '2025-01-02 07:32:17'),
(3, 8, 5, 'Gostei muito do atendimento.', '2025-03-18 20:03:29'),
(2, 8, 4, 'Gostei muito do atendimento.', '2025-03-06 12:14:39'),
(4, 8, 5, 'Muito profissional e eficiente!', '2025-03-15 18:24:55'),
(1, 9, 5, 'Entregou tudo dentro do prazo.', '2025-03-05 23:46:32'),
(1, 9, 5, 'Muito profissional e eficiente!', '2025-03-27 11:35:15'),
(5, 9, 5, 'Gostei muito do atendimento.', '2025-03-06 23:59:01'),
(1, 9, 3, 'Gostei muito do atendimento.', '2025-03-25 14:49:01'),
(3, 9, 5, 'Entregou tudo dentro do prazo.', '2025-01-27 10:23:09'),
(3, 10, 4, 'Entregou tudo dentro do prazo.', '2025-02-28 08:07:47'),
(5, 10, 5, 'Entregou tudo dentro do prazo.', '2025-03-04 06:24:28'),
(3, 10, 3, 'Muito profissional e eficiente!', '2025-02-09 00:02:08'),
(2, 10, 5, 'Muito profissional e eficiente!', '2025-04-04 00:20:49'),
(5, 10, 5, 'Gostei muito do atendimento.', '2025-03-03 00:12:00'),
(4, 11, 4, 'Muito atencioso e dedicado no atendimento.', '2025-01-23 02:45:20'),
(4, 11, 4, 'As técnicas de fisioterapia ajudaram bastante.', '2025-02-08 19:08:08'),
(3, 11, 4, 'Ótima escuta e empatia nos atendimentos.', '2025-02-04 22:31:17'),
(4, 11, 4, 'Explicações claras e objetivas.', '2025-01-06 05:26:17'),
(5, 11, 4, 'Ambiente acolhedor e seguro para conversar.', '2025-03-31 15:18:55');


